<!--
    IMPORTANT:
    - Policy elements can appear only within the <inbound>, <outbound>, <backend> section elements.
    - Only the <forward-request> policy element can appear within the <backend> section element.
    - To apply a policy to the incoming request (before it is forwarded to the backend service), place a corresponding policy element within the <inbound> section element.
    - To apply a policy to the outgoing response (before it is sent back to the caller), place a corresponding policy element within the <outbound> section element.
    - To add a policy position the cursor at the desired insertion point and click on the round button associated with the policy.
    - To remove a policy, delete the corresponding policy statement from the policy document.
    - Policies are applied in the order of their appearance, from the top down.
-->
<policies>
    <inbound>
        <cors allow-credentials="true">
            <allowed-origins>
                <origin>https://intnode-uat-noe-01-nort-apm.developer.azure-api.net/</origin>
                <origin>https://intnode-uat-noe-01-nort-apm.developer.azure-api.net</origin>
                <origin>https://minside-uat-noe-01-nort-app.azurewebsites.net/</origin>
                <origin>https://minside-uat-noe-01-nort-app.azurewebsites.net</origin>
                <origin>https://qa-idp.prodreg.no/</origin>
                <origin>https://qa-idp.prodreg.no</origin>
                <origin>http://localhost:3000/</origin>
                <origin>http://localhost:3000</origin>
                <origin>https://apiportal.uat-nortura.com</origin>
                <origin>https://qa.minside.nortura.no</origin>
                <origin>https://minside.t-nortura.com</origin>
                <origin>https://minside-t-noe-01-nort-app.azurewebsites.net</origin>
                <origin>https://minside-t-noe-01-nort-app.azurewebsites.net/</origin>
            </allowed-origins>
            <allowed-methods preflight-result-max-age="300">
                <method>*</method>
            </allowed-methods>
            <allowed-headers>
                <header>*</header>
            </allowed-headers>
            <expose-headers>
                <header>*</header>
            </expose-headers>
        </cors>
    </inbound>
    <backend>
        <forward-request />
    </backend>
    <outbound />
    <on-error />
</policies>