<!--
    IMPORTANT:
    - Policy elements can appear only within the <inbound>, <outbound>, <backend> section elements.
    - Only the <forward-request> policy element can appear within the <backend> section element.
    - To apply a policy to the incoming request (before it is forwarded to the backend service), place a corresponding policy element within the <inbound> section element.
    - To apply a policy to the outgoing response (before it is sent back to the caller), place a corresponding policy element within the <outbound> section element.
    - To add a policy position the cursor at the desired insertion point and click on the round button associated with the policy.
    - To remove a policy, delete the corresponding policy statement from the policy document.
    - Policies are applied in the order of their appearance, from the top down.
-->
<policies>
    <inbound>
        <cors allow-credentials="true">
            <allowed-origins>
                <origin>https://intnode-p-noe-01-nort-apm.developer.azure-api.net</origin>
                <origin>https://intnode-p-noe-01-nort-apm-v2.developer.azure-api.net</origin>
                <origin>https://portal.p-nortura.com</origin>
                <origin>https://apiportal.p-nortura.com</origin>
                <origin>https://api.nortura.no</origin>
                <origin>https://api.minside.nortura.no</origin>
                <origin>https://landbruk.prodreg.no</origin>
                <origin>https://minside.nortura.no</origin>
            </allowed-origins>
            <allowed-methods preflight-result-max-age="300">
                <method>*</method>
            </allowed-methods>
            <allowed-headers>
                <header>*</header>
            </allowed-headers>
            <expose-headers>
                <header>*</header>
            </expose-headers>
        </cors>
    </inbound>
    <backend>
        <forward-request />
    </backend>
    <outbound>
        <include-fragment fragment-id="Strict-Transport-Security" />
    </outbound>
    <on-error />
</policies>