<!--
    IMPORTANT:
    - Policy fragment are included as-is whenever they are referenced.
    - If using variables. Ensure they are setup before use.
    - Copy and paste your code here or simply start coding
-->
<fragment>
	<set-header name="Strict-Transport-Security" exists-action="override">
		<value>max-age=31536000</value>
	</set-header>
	<set-header name="Content-Security-Policy" exists-action="override">
		<value>script-src 'same-origin'</value>
	</set-header>
	<set-header name="X-Frame-Options" exists-action="override">
		<value>SAMEORIGIN</value>
	</set-header>
	<set-header name="Referrer-Policy" exists-action="override">
		<value>same-origin</value>
	</set-header>
	<set-header name="X-Content-Type-Options" exists-action="override">
		<value>nosniff</value>
	</set-header>
	<set-header name="Permissions-Policy" exists-action="override">
		<value>camera=()</value>
	</set-header>
</fragment>